<?xml version="1.0" encoding="utf-8"?> 
<!DOCTYPE hibernate-configuration PUBLIC 
"-//Hibernate/Hibernate Configuration DTD 3.0//EN" 
"http://www.hibernate.org/dtd/hibernate-configuration-3.0.dtd"> 
<!-- Main configuration file -->
<hibernate-configuration> 
    <session-factory> 
        <!-- As we are connecting MySQL, com.mysql.jdbc. 
             Driver is required(JDBC driver class) -->
        <property name="hibernate.connection.driver_class">com.mysql.cj.jdbc.Driver</property> 
         
          <!-- Here geeksforgeeks is the name of the database  
             that we are connecting(JDBC URL) -->
        <property name="hibernate.connection.url">jdbc:mysql://localhost:3306/krypturg_web_application</property> 
          
          <!-- Username to connect to MySQL -->
        <property name="hibernate.connection.username">root</property> 
          
          <!-- Password to connect to MySQL, Provide your correct password -->
        <property name="hibernate.connection.password">Rochak3803#</property> 
          <!-- Echo all executed SQL to stdout -->
		<property name="hibernate.show_sql">true</property>
          <!-- Dialect required between hibernate and MySQL -->
          
         <!-- This property makes Hibernate generate the 
              appropriate SQL for MySQL here -->
        <property name="hibernate.dialect">org.hibernate.dialect.MySQL8Dialect</property> 
        <!-- Enable Hibernate's automatic session context management -->
        <property name="hibernate.current_session_context_class">thread</property>
        <property name="hibernate.show_sql"> true</property>
        <property name="hibernate.hbm2ddl.auto">create-drop</property>

        
        <property name="hbm2ddl.auto">update </property> 
          <mapping class="com.krypturg.Entities.User" /> 
          <mapping class="com.krypturg.Entities.Enquiry" /> 
          <mapping class="com.krypturg.Entities.AdminLogin" /> 
          <mapping class="com.krypturg.Entities.Category" />
          <mapping class="com.krypturg.Entities.Product" />
          <mapping class="com.krypturg.Entities.Cart" />
          <mapping class="com.krypturg.Entities.Address" />
          <mapping class="com.krypturg.Entities.Order" />
          
    </session-factory> 
</hibernate-configuration>